question,prompt_type,answer,answer_length,timestamp
What is the main topic of this document?,Basic,"Based on the provided context, there is no document provided, so it's not possible to determine the main topic. If you provide the actual text or content of a document, I'd be happy to help answer your question!",211,2025-11-03 00:50:59.663940
What is the main topic of this document?,Detailed,"Since there is no provided text or document, it's not possible to determine the main topic. Would you like to provide more context or information about the document you're referring to? I'd be happy to help!",207,2025-11-03 00:52:08.688992
What is the main topic of this document?,Few-shot,"According to the context, there is no explicit mention of a specific topic. The context appears to be blank or empty. Therefore, it is not possible to determine the main topic of this document based on the provided information. If you could provide more context or details, I'd be happy to help you identify the main topic!",323,2025-11-03 00:53:43.802394
What is the main topic of this document?,Strict,"Based on the provided context, I don't have enough information to answer that. Can you please provide more context or information about the document?",149,2025-11-03 00:55:06.536566
What is the main topic of this document?,Conversational,I don't see any context or document provided. Could you please share the text or provide more information so I can help answer your question?,141,2025-11-03 00:56:27.363344
Who are the authors?,Basic,"Based on the provided context, I assume there is no specific information about the authors mentioned in the text. Therefore, I can't identify any authors. If you could provide more context or clarify which text you're referring to, I'd be happy to help further!",261,2025-11-03 00:57:35.464286
Who are the authors?,Detailed,"The authors of this conversation are not specified in the provided context, therefore I cannot provide information about the authors without further clarification.",163,2025-11-03 00:58:31.096968
Who are the authors?,Few-shot,"According to the context, the authors of the text are not specified. If you provide more information or clarify which text or topic you are referring to, I'd be happy to help you find the author(s) if possible!",210,2025-11-03 00:59:57.744170
Who are the authors?,Strict,"I don't see any authors mentioned in the provided context. Therefore, I don't have enough information to answer that.",117,2025-11-03 01:01:13.946381
Who are the authors?,Conversational,"I apologize, but I don't have any specific text or context to refer to. It seems we're starting from scratch! If you'd like to provide more information or share a topic you'd like to discuss, I'm here to help answer your questions and provide explanations. Just let me know what's on your mind!",294,2025-11-03 01:02:46.633310
What are the key findings?,Basic,"Based on the provided context, I would answer:

The key findings are not specified in this context. If you provide more information about what these key findings refer to, such as a study or research, I'd be happy to help you identify them!",240,2025-11-03 01:03:39.543658
